;created_at;id;id_str;text;truncated;entities;metadata;source;in_reply_to_status_id;in_reply_to_status_id_str;in_reply_to_user_id;in_reply_to_user_id_str;in_reply_to_screen_name;user;geo;coordinates;place;contributors;is_quote_status;retweet_count;favorite_count;favorited;retweeted
0;Thu Jul 29 21:08:35 +0000 2021;1420853787259023362;1420853787259023362;5 Podcast ‚ÄúAs Crian√ßas Importam‚Äù do Jornal Expresso, sobre o direito das crian√ßas brincarem e que contou com a minh‚Ä¶ https://t.co/UTgBDOeGhm;True;{'hashtags': [], 'symbols': [], 'user_mentions': [], 'urls': [{'url': 'https://t.co/UTgBDOeGhm', 'expanded_url': 'https://twitter.com/i/web/status/1420853787259023362', 'display_url': 'twitter.com/i/web/status/1‚Ä¶', 'indices': [117, 140]}]};{'iso_language_code': 'pt', 'result_type': 'recent'};"<a href=""http://twitter.com/#!/download/ipad"" rel=""nofollow"">Twitter for iPad</a>";;;;;;{'id': 829515682693931010, 'id_str': '829515682693931010', 'name': 'Odete Severino Soares', 'screen_name': 'OdeteSoares10', 'location': 'Lisboa, Portugal', 'description': 'Expert in human rights and children rights and PhD candidate in Nova School of Law. Podcast ‚ÄúAs Crian√ßas Importam‚Äù/‚ÄúChildren Matters‚Äù do Jornal Expresso', 'url': 'https://t.co/Pw70ge35mz', 'entities': {'url': {'urls': [{'url': 'https://t.co/Pw70ge35mz', 'expanded_url': 'http://www.blueonchildrenrights.com/wp', 'display_url': 'blueonchildrenrights.com/wp', 'indices': [0, 23]}]}, 'description': {'urls': []}}, 'protected': False, 'followers_count': 279, 'friends_count': 568, 'listed_count': 1, 'created_at': 'Thu Feb 09 02:22:05 +0000 2017', 'favourites_count': 2455, 'utc_offset': None, 'time_zone': None, 'geo_enabled': False, 'verified': False, 'statuses_count': 2222, 'lang': None, 'contributors_enabled': False, 'is_translator': False, 'is_translation_enabled': False, 'profile_background_color': 'F5F8FA', 'profile_background_image_url': None, 'profile_background_image_url_https': None, 'profile_background_tile': False, 'profile_image_url': 'http://pbs.twimg.com/profile_images/1257478536971067394/vOAcrCPJ_normal.jpg', 'profile_image_url_https': 'https://pbs.twimg.com/profile_images/1257478536971067394/vOAcrCPJ_normal.jpg', 'profile_banner_url': 'https://pbs.twimg.com/profile_banners/829515682693931010/1582448441', 'profile_link_color': '1DA1F2', 'profile_sidebar_border_color': 'C0DEED', 'profile_sidebar_fill_color': 'DDEEF6', 'profile_text_color': '333333', 'profile_use_background_image': True, 'has_extended_profile': True, 'default_profile': True, 'default_profile_image': False, 'following': None, 'follow_request_sent': None, 'notifications': None, 'translator_type': 'none', 'withheld_in_countries': []};;;;;False;0;0;False;False
1;Thu Jul 29 20:20:07 +0000 2021;1420841590835318789;1420841590835318789;fmu me estressando logo na ultima semana de f√©rias;False;{'hashtags': [], 'symbols': [], 'user_mentions': [], 'urls': []};{'iso_language_code': 'pt', 'result_type': 'recent'};"<a href=""http://twitter.com/download/iphone"" rel=""nofollow"">Twitter for iPhone</a>";;;;;;{'id': 800018822329679873, 'id_str': '800018822329679873', 'name': 'babi üáßüá∑', 'screen_name': 'babiszoca', 'location': 'üáæüá™üèÜ', 'description': 'aqui meus divertidamente saem na m√£o', 'url': 'https://t.co/YeiD6bDAZ8', 'entities': {'url': {'urls': [{'url': 'https://t.co/YeiD6bDAZ8', 'expanded_url': 'https://youtu.be/ULfGQAkZHcs', 'display_url': 'youtu.be/ULfGQAkZHcs', 'indices': [0, 23]}]}, 'description': {'urls': []}}, 'protected': False, 'followers_count': 392, 'friends_count': 433, 'listed_count': 1, 'created_at': 'Sat Nov 19 16:52:05 +0000 2016', 'favourites_count': 56597, 'utc_offset': None, 'time_zone': None, 'geo_enabled': False, 'verified': False, 'statuses_count': 23374, 'lang': None, 'contributors_enabled': False, 'is_translator': False, 'is_translation_enabled': False, 'profile_background_color': '000000', 'profile_background_image_url': 'http://abs.twimg.com/images/themes/theme1/bg.png', 'profile_background_image_url_https': 'https://abs.twimg.com/images/themes/theme1/bg.png', 'profile_background_tile': False, 'profile_image_url': 'http://pbs.twimg.com/profile_images/1411446105951420416/Kno7agWk_normal.jpg', 'profile_image_url_https': 'https://pbs.twimg.com/profile_images/1411446105951420416/Kno7agWk_normal.jpg', 'profile_banner_url': 'https://pbs.twimg.com/profile_banners/800018822329679873/1626878751', 'profile_link_color': 'ABB8C2', 'profile_sidebar_border_color': '000000', 'profile_sidebar_fill_color': '000000', 'profile_text_color': '000000', 'profile_use_background_image': False, 'has_extended_profile': True, 'default_profile': False, 'default_profile_image': False, 'following': None, 'follow_request_sent': None, 'notifications': None, 'translator_type': 'none', 'withheld_in_countries': []};;;;;False;0;0;False;False
2;Thu Jul 29 20:04:42 +0000 2021;1420837707522129926;1420837707522129926;cada mensagem que a fmu me envia eles aumentam a porcentagem da bolsa, vazou o desespero;False;{'hashtags': [], 'symbols': [], 'user_mentions': [], 'urls': []};{'iso_language_code': 'pt', 'result_type': 'recent'};"<a href=""http://twitter.com/download/iphone"" rel=""nofollow"">Twitter for iPhone</a>";;;;;;{'id': 875145076271443968, 'id_str': '875145076271443968', 'name': 'val√©ria', 'screen_name': 'vvferrari_', 'location': '', 'description': '18 anos e muito serelepe, tiktoker, atriz e musicista (ela/dela)', 'url': 'https://t.co/z9SG1NEfRY', 'entities': {'url': {'urls': [{'url': 'https://t.co/z9SG1NEfRY', 'expanded_url': 'https://instagram.com/vvferrari?igshid=1fzfnmdhzpgt4', 'display_url': 'instagram.com/vvferrari?igsh‚Ä¶', 'indices': [0, 23]}]}, 'description': {'urls': []}}, 'protected': False, 'followers_count': 178, 'friends_count': 267, 'listed_count': 0, 'created_at': 'Thu Jun 15 00:17:00 +0000 2017', 'favourites_count': 22164, 'utc_offset': None, 'time_zone': None, 'geo_enabled': False, 'verified': False, 'statuses_count': 12179, 'lang': None, 'contributors_enabled': False, 'is_translator': False, 'is_translation_enabled': False, 'profile_background_color': '000000', 'profile_background_image_url': 'http://abs.twimg.com/images/themes/theme1/bg.png', 'profile_background_image_url_https': 'https://abs.twimg.com/images/themes/theme1/bg.png', 'profile_background_tile': False, 'profile_image_url': 'http://pbs.twimg.com/profile_images/1420198121137754114/Oe6QV3-e_normal.jpg', 'profile_image_url_https': 'https://pbs.twimg.com/profile_images/1420198121137754114/Oe6QV3-e_normal.jpg', 'profile_banner_url': 'https://pbs.twimg.com/profile_banners/875145076271443968/1627436593', 'profile_link_color': 'F58EA8', 'profile_sidebar_border_color': '000000', 'profile_sidebar_fill_color': '000000', 'profile_text_color': '000000', 'profile_use_background_image': False, 'has_extended_profile': True, 'default_profile': False, 'default_profile_image': False, 'following': None, 'follow_request_sent': None, 'notifications': None, 'translator_type': 'none', 'withheld_in_countries': []};;;;;False;0;0;False;False
3;Thu Jul 29 19:38:58 +0000 2021;1420831232049524742;1420831232049524742;Eu n√£o desejo nem ao meu pior inimigo que estude na FMU, de verdade;False;{'hashtags': [], 'symbols': [], 'user_mentions': [], 'urls': []};{'iso_language_code': 'pt', 'result_type': 'recent'};"<a href=""http://twitter.com/download/android"" rel=""nofollow"">Twitter for Android</a>";;;;;;"{'id': 1230976954846851072, 'id_str': '1230976954846851072', 'name': ' ú·¥á Ä ô…™ÃÅ·¥†·¥è Ä·¥Ä', 'screen_name': 'Zetsssss', 'location': '', 'description': ""ùòê'ùòÆ ùò¢ ùò£ùò≥ùò∞ùò¨ùò¶ùòØ ùò≥ùò∞ùò¥ùò¶"", 'url': None, 'entities': {'description': {'urls': []}}, 'protected': False, 'followers_count': 30, 'friends_count': 277, 'listed_count': 0, 'created_at': 'Fri Feb 21 22:05:57 +0000 2020', 'favourites_count': 9761, 'utc_offset': None, 'time_zone': None, 'geo_enabled': False, 'verified': False, 'statuses_count': 2762, 'lang': None, 'contributors_enabled': False, 'is_translator': False, 'is_translation_enabled': False, 'profile_background_color': 'F5F8FA', 'profile_background_image_url': None, 'profile_background_image_url_https': None, 'profile_background_tile': False, 'profile_image_url': 'http://pbs.twimg.com/profile_images/1391800636002426881/yCZfLopJ_normal.jpg', 'profile_image_url_https': 'https://pbs.twimg.com/profile_images/1391800636002426881/yCZfLopJ_normal.jpg', 'profile_banner_url': 'https://pbs.twimg.com/profile_banners/1230976954846851072/1625456530', 'profile_link_color': '1DA1F2', 'profile_sidebar_border_color': 'C0DEED', 'profile_sidebar_fill_color': 'DDEEF6', 'profile_text_color': '333333', 'profile_use_background_image': True, 'has_extended_profile': True, 'default_profile': True, 'default_profile_image': False, 'following': None, 'follow_request_sent': None, 'notifications': None, 'translator_type': 'none', 'withheld_in_countries': []}";;;;;False;0;1;False;False
4;Thu Jul 29 19:25:55 +0000 2021;1420827948794449927;1420827948794449927;@sualvescruz Ahahahaahaha, üñêüèø aluno FMU, temos mais um aqui. Kkkkkk....;False;{'hashtags': [], 'symbols': [], 'user_mentions': [{'screen_name': 'sualvescruz', 'name': 'Gossip Teacher üë©üèΩ\u200düè´üé∏üî¥‚ö´Ô∏è‚ö™Ô∏è', 'id': 264273664, 'id_str': '264273664', 'indices': [0, 12]}], 'urls': []};{'iso_language_code': 'pt', 'result_type': 'recent'};"<a href=""https://mobile.twitter.com"" rel=""nofollow"">Twitter Web App</a>";1.4208024681837404e+18;1420802468183740423;264273664.0;264273664;sualvescruz;{'id': 363715215, 'id_str': '363715215', 'name': 'Vantuil Miranda', 'screen_name': 'VantuilMiranda', 'location': 'S√£o Paulo, Brasil', 'description': 'Niteroiense, morador de S√£o Paulo, torcedor da Cruz de Malta e do azul e branco da Portela!!!', 'url': None, 'entities': {'description': {'urls': []}}, 'protected': False, 'followers_count': 246, 'friends_count': 1216, 'listed_count': 3, 'created_at': 'Sun Aug 28 15:30:55 +0000 2011', 'favourites_count': 4834, 'utc_offset': None, 'time_zone': None, 'geo_enabled': True, 'verified': False, 'statuses_count': 13918, 'lang': None, 'contributors_enabled': False, 'is_translator': False, 'is_translation_enabled': False, 'profile_background_color': '1A1B1F', 'profile_background_image_url': 'http://abs.twimg.com/images/themes/theme9/bg.gif', 'profile_background_image_url_https': 'https://abs.twimg.com/images/themes/theme9/bg.gif', 'profile_background_tile': False, 'profile_image_url': 'http://pbs.twimg.com/profile_images/1271827156478439427/z1aWtVps_normal.jpg', 'profile_image_url_https': 'https://pbs.twimg.com/profile_images/1271827156478439427/z1aWtVps_normal.jpg', 'profile_banner_url': 'https://pbs.twimg.com/profile_banners/363715215/1426886262', 'profile_link_color': '1A1B1F', 'profile_sidebar_border_color': '000000', 'profile_sidebar_fill_color': '252429', 'profile_text_color': '666666', 'profile_use_background_image': False, 'has_extended_profile': False, 'default_profile': False, 'default_profile_image': False, 'following': None, 'follow_request_sent': None, 'notifications': None, 'translator_type': 'none', 'withheld_in_countries': []};;;;;False;0;1;False;False
5;Thu Jul 29 18:39:27 +0000 2021;1420816254378651650;1420816254378651650;@thaynaconte @byz_nanda @GJeneci Vamos ser colegas de  salaaaaaaaaaaa (isso se a fdp da FMU der um sinal üò©);False;{'hashtags': [], 'symbols': [], 'user_mentions': [{'screen_name': 'thaynaconte', 'name': 'thayn√°', 'id': 724885904, 'id_str': '724885904', 'indices': [0, 12]}, {'screen_name': 'byz_nanda', 'name': 'üçÄ', 'id': 824236836, 'id_str': '824236836', 'indices': [13, 23]}, {'screen_name': 'GJeneci', 'name': 'Gabs Jeneci', 'id': 1287420460146266116, 'id_str': '1287420460146266116', 'indices': [24, 32]}], 'urls': []};{'iso_language_code': 'pt', 'result_type': 'recent'};"<a href=""https://mobile.twitter.com"" rel=""nofollow"">Twitter Web App</a>";1.42080161645901e+18;1420801616459010051;724885904.0;724885904;thaynaconte;{'id': 2247153336, 'id_str': '2247153336', 'name': 'L A U R A', 'screen_name': 'Lrpaulino_', 'location': '', 'description': '', 'url': None, 'entities': {'description': {'urls': []}}, 'protected': False, 'followers_count': 3, 'friends_count': 8, 'listed_count': 0, 'created_at': 'Sun Dec 15 12:39:26 +0000 2013', 'favourites_count': 278, 'utc_offset': None, 'time_zone': None, 'geo_enabled': False, 'verified': False, 'statuses_count': 12, 'lang': None, 'contributors_enabled': False, 'is_translator': False, 'is_translation_enabled': False, 'profile_background_color': 'FF6699', 'profile_background_image_url': 'http://abs.twimg.com/images/themes/theme11/bg.gif', 'profile_background_image_url_https': 'https://abs.twimg.com/images/themes/theme11/bg.gif', 'profile_background_tile': True, 'profile_image_url': 'http://pbs.twimg.com/profile_images/1340276931447693314/m7cLNhe9_normal.jpg', 'profile_image_url_https': 'https://pbs.twimg.com/profile_images/1340276931447693314/m7cLNhe9_normal.jpg', 'profile_banner_url': 'https://pbs.twimg.com/profile_banners/2247153336/1574986237', 'profile_link_color': 'B40B43', 'profile_sidebar_border_color': 'CC3366', 'profile_sidebar_fill_color': 'E5507E', 'profile_text_color': '362720', 'profile_use_background_image': True, 'has_extended_profile': False, 'default_profile': False, 'default_profile_image': False, 'following': None, 'follow_request_sent': None, 'notifications': None, 'translator_type': 'none', 'withheld_in_countries': []};;;;;False;0;1;False;False
6;Thu Jul 29 18:36:59 +0000 2021;1420815632912822276;1420815632912822276;@byz_nanda Os humilhados pela FMU, que al√≠vio de ter voc√™s KKKKKKKKKKKKK se n√£o o surto seria maior;False;{'hashtags': [], 'symbols': [], 'user_mentions': [{'screen_name': 'byz_nanda', 'name': 'üçÄ', 'id': 824236836, 'id_str': '824236836', 'indices': [0, 10]}], 'urls': []};{'iso_language_code': 'pt', 'result_type': 'recent'};"<a href=""https://mobile.twitter.com"" rel=""nofollow"">Twitter Web App</a>";1.420797817728209e+18;1420797817728208905;824236836.0;824236836;byz_nanda;{'id': 2247153336, 'id_str': '2247153336', 'name': 'L A U R A', 'screen_name': 'Lrpaulino_', 'location': '', 'description': '', 'url': None, 'entities': {'description': {'urls': []}}, 'protected': False, 'followers_count': 3, 'friends_count': 8, 'listed_count': 0, 'created_at': 'Sun Dec 15 12:39:26 +0000 2013', 'favourites_count': 278, 'utc_offset': None, 'time_zone': None, 'geo_enabled': False, 'verified': False, 'statuses_count': 12, 'lang': None, 'contributors_enabled': False, 'is_translator': False, 'is_translation_enabled': False, 'profile_background_color': 'FF6699', 'profile_background_image_url': 'http://abs.twimg.com/images/themes/theme11/bg.gif', 'profile_background_image_url_https': 'https://abs.twimg.com/images/themes/theme11/bg.gif', 'profile_background_tile': True, 'profile_image_url': 'http://pbs.twimg.com/profile_images/1340276931447693314/m7cLNhe9_normal.jpg', 'profile_image_url_https': 'https://pbs.twimg.com/profile_images/1340276931447693314/m7cLNhe9_normal.jpg', 'profile_banner_url': 'https://pbs.twimg.com/profile_banners/2247153336/1574986237', 'profile_link_color': 'B40B43', 'profile_sidebar_border_color': 'CC3366', 'profile_sidebar_fill_color': 'E5507E', 'profile_text_color': '362720', 'profile_use_background_image': True, 'has_extended_profile': False, 'default_profile': False, 'default_profile_image': False, 'following': None, 'follow_request_sent': None, 'notifications': None, 'translator_type': 'none', 'withheld_in_countries': []};;;;;False;0;0;False;False
7;Thu Jul 29 18:12:59 +0000 2021;1420809593513521158;1420809593513521158;me recuso a acreditar que as aulas da fmu j√° v√£o voltar ter√ßa;False;{'hashtags': [], 'symbols': [], 'user_mentions': [], 'urls': []};{'iso_language_code': 'pt', 'result_type': 'recent'};"<a href=""http://twitter.com/download/android"" rel=""nofollow"">Twitter for Android</a>";;;;;;{'id': 880991793151713280, 'id_str': '880991793151713280', 'name': 'V', 'screen_name': 'vrodriguexs', 'location': 'Diadema, Sp', 'description': '‚Ä¢ sp | @_italuüíç\U0001fac0', 'url': None, 'entities': {'description': {'urls': []}}, 'protected': False, 'followers_count': 392, 'friends_count': 220, 'listed_count': 0, 'created_at': 'Sat Jul 01 03:29:46 +0000 2017', 'favourites_count': 13251, 'utc_offset': None, 'time_zone': None, 'geo_enabled': True, 'verified': False, 'statuses_count': 3591, 'lang': None, 'contributors_enabled': False, 'is_translator': False, 'is_translation_enabled': False, 'profile_background_color': 'F5F8FA', 'profile_background_image_url': None, 'profile_background_image_url_https': None, 'profile_background_tile': False, 'profile_image_url': 'http://pbs.twimg.com/profile_images/1420811113063723012/7T3m3Dii_normal.jpg', 'profile_image_url_https': 'https://pbs.twimg.com/profile_images/1420811113063723012/7T3m3Dii_normal.jpg', 'profile_banner_url': 'https://pbs.twimg.com/profile_banners/880991793151713280/1625774835', 'profile_link_color': '1DA1F2', 'profile_sidebar_border_color': 'C0DEED', 'profile_sidebar_fill_color': 'DDEEF6', 'profile_text_color': '333333', 'profile_use_background_image': True, 'has_extended_profile': True, 'default_profile': True, 'default_profile_image': False, 'following': None, 'follow_request_sent': None, 'notifications': None, 'translator_type': 'none', 'withheld_in_countries': []};;;;;False;0;4;False;False
8;Thu Jul 29 18:10:23 +0000 2021;1420808939990618114;1420808939990618114;Esperando ansiosamente o email da fmu;False;{'hashtags': [], 'symbols': [], 'user_mentions': [], 'urls': []};{'iso_language_code': 'pt', 'result_type': 'recent'};"<a href=""http://twitter.com/download/iphone"" rel=""nofollow"">Twitter for iPhone</a>";;;;;;{'id': 1052369984259846144, 'id_str': '1052369984259846144', 'name': 'sarinha', 'screen_name': 'sarafelixmake', 'location': 'S√£o Paulo, Brasil', 'description': 'por puro t√©dio e curiosidade', 'url': None, 'entities': {'description': {'urls': []}}, 'protected': False, 'followers_count': 38, 'friends_count': 341, 'listed_count': 0, 'created_at': 'Wed Oct 17 01:25:31 +0000 2018', 'favourites_count': 334, 'utc_offset': None, 'time_zone': None, 'geo_enabled': False, 'verified': False, 'statuses_count': 1714, 'lang': None, 'contributors_enabled': False, 'is_translator': False, 'is_translation_enabled': False, 'profile_background_color': 'F5F8FA', 'profile_background_image_url': None, 'profile_background_image_url_https': None, 'profile_background_tile': False, 'profile_image_url': 'http://pbs.twimg.com/profile_images/1349149834201214976/IqOqEyEw_normal.jpg', 'profile_image_url_https': 'https://pbs.twimg.com/profile_images/1349149834201214976/IqOqEyEw_normal.jpg', 'profile_banner_url': 'https://pbs.twimg.com/profile_banners/1052369984259846144/1539740975', 'profile_link_color': '1DA1F2', 'profile_sidebar_border_color': 'C0DEED', 'profile_sidebar_fill_color': 'DDEEF6', 'profile_text_color': '333333', 'profile_use_background_image': True, 'has_extended_profile': True, 'default_profile': True, 'default_profile_image': False, 'following': None, 'follow_request_sent': None, 'notifications': None, 'translator_type': 'none', 'withheld_in_countries': []};;;;;False;0;0;False;False
9;Thu Jul 29 18:07:31 +0000 2021;1420808219329540098;1420808219329540098;@byz_nanda fmu acha que a gnt √© palha√ßo s√≥ pode;False;{'hashtags': [], 'symbols': [], 'user_mentions': [{'screen_name': 'byz_nanda', 'name': 'üçÄ', 'id': 824236836, 'id_str': '824236836', 'indices': [0, 10]}], 'urls': []};{'iso_language_code': 'pt', 'result_type': 'recent'};"<a href=""https://mobile.twitter.com"" rel=""nofollow"">Twitter Web App</a>";1.420797817728209e+18;1420797817728208905;824236836.0;824236836;byz_nanda;{'id': 1348136044085051392, 'id_str': '1348136044085051392', 'name': 'silvinha', 'screen_name': 'silvhus', 'location': '', 'description': '', 'url': None, 'entities': {'description': {'urls': []}}, 'protected': False, 'followers_count': 4, 'friends_count': 22, 'listed_count': 0, 'created_at': 'Sun Jan 10 05:14:31 +0000 2021', 'favourites_count': 2168, 'utc_offset': None, 'time_zone': None, 'geo_enabled': False, 'verified': False, 'statuses_count': 615, 'lang': None, 'contributors_enabled': False, 'is_translator': False, 'is_translation_enabled': False, 'profile_background_color': 'F5F8FA', 'profile_background_image_url': None, 'profile_background_image_url_https': None, 'profile_background_tile': False, 'profile_image_url': 'http://pbs.twimg.com/profile_images/1404360417367969793/oSdL-LSp_normal.jpg', 'profile_image_url_https': 'https://pbs.twimg.com/profile_images/1404360417367969793/oSdL-LSp_normal.jpg', 'profile_banner_url': 'https://pbs.twimg.com/profile_banners/1348136044085051392/1610256165', 'profile_link_color': '1DA1F2', 'profile_sidebar_border_color': 'C0DEED', 'profile_sidebar_fill_color': 'DDEEF6', 'profile_text_color': '333333', 'profile_use_background_image': True, 'has_extended_profile': True, 'default_profile': True, 'default_profile_image': False, 'following': None, 'follow_request_sent': None, 'notifications': None, 'translator_type': 'none', 'withheld_in_countries': []};;;;;False;0;0;False;False
10;Thu Jul 29 18:03:29 +0000 2021;1420807205868261376;1420807205868261376;√ìdio ao atendimento da fmu;False;{'hashtags': [], 'symbols': [], 'user_mentions': [], 'urls': []};{'iso_language_code': 'pt', 'result_type': 'recent'};"<a href=""http://twitter.com/download/android"" rel=""nofollow"">Twitter for Android</a>";;;;;;{'id': 1020679117031780353, 'id_str': '1020679117031780353', 'name': 'anya üåô | üìñ Pregui√ßa Liter√°ria üáßüá∑', 'screen_name': 'babyboochase', 'location': 'S√£o Paulo, Brasil', 'description': 'a arte existe para que a realidade n√£o nos destrua | üíï‚òÄ | ela/dela/a | ‚ôâ | chal√© 06 ‚ô° | gryffindor ü¶Å | barbie stan | estudante de artes visuais', 'url': 'https://t.co/o2ZEwxzqkd', 'entities': {'url': {'urls': [{'url': 'https://t.co/o2ZEwxzqkd', 'expanded_url': 'http://skoob.com.br/perfil/babyboo', 'display_url': 'skoob.com.br/perfil/babyboo', 'indices': [0, 23]}]}, 'description': {'urls': []}}, 'protected': False, 'followers_count': 612, 'friends_count': 845, 'listed_count': 5, 'created_at': 'Sat Jul 21 14:37:19 +0000 2018', 'favourites_count': 31722, 'utc_offset': None, 'time_zone': None, 'geo_enabled': False, 'verified': False, 'statuses_count': 16803, 'lang': None, 'contributors_enabled': False, 'is_translator': False, 'is_translation_enabled': False, 'profile_background_color': 'F5F8FA', 'profile_background_image_url': None, 'profile_background_image_url_https': None, 'profile_background_tile': False, 'profile_image_url': 'http://pbs.twimg.com/profile_images/1418923871806402578/FDQxMPWZ_normal.png', 'profile_image_url_https': 'https://pbs.twimg.com/profile_images/1418923871806402578/FDQxMPWZ_normal.png', 'profile_banner_url': 'https://pbs.twimg.com/profile_banners/1020679117031780353/1626653318', 'profile_link_color': '1DA1F2', 'profile_sidebar_border_color': 'C0DEED', 'profile_sidebar_fill_color': 'DDEEF6', 'profile_text_color': '333333', 'profile_use_background_image': True, 'has_extended_profile': True, 'default_profile': True, 'default_profile_image': False, 'following': None, 'follow_request_sent': None, 'notifications': None, 'translator_type': 'none', 'withheld_in_countries': []};;;;;False;0;0;False;False
11;Thu Jul 29 17:44:26 +0000 2021;1420802410528886784;1420802410528886784;e ta imposs√≠vel falar com a faculdade fmu vai toma@no cuuuu;False;{'hashtags': [], 'symbols': [], 'user_mentions': [], 'urls': []};{'iso_language_code': 'pt', 'result_type': 'recent'};"<a href=""http://twitter.com/download/iphone"" rel=""nofollow"">Twitter for iPhone</a>";;;;;;{'id': 2792497046, 'id_str': '2792497046', 'name': 'rebeca', 'screen_name': 'rehgranzoto', 'location': 'Fernand√≥polis / S√£o Paulo', 'description': 'dedo no cu e guitar hero', 'url': None, 'entities': {'description': {'urls': []}}, 'protected': False, 'followers_count': 1463, 'friends_count': 272, 'listed_count': 0, 'created_at': 'Fri Sep 05 19:31:25 +0000 2014', 'favourites_count': 10617, 'utc_offset': None, 'time_zone': None, 'geo_enabled': True, 'verified': False, 'statuses_count': 23514, 'lang': None, 'contributors_enabled': False, 'is_translator': False, 'is_translation_enabled': True, 'profile_background_color': 'FFFFFF', 'profile_background_image_url': 'http://abs.twimg.com/images/themes/theme18/bg.gif', 'profile_background_image_url_https': 'https://abs.twimg.com/images/themes/theme18/bg.gif', 'profile_background_tile': True, 'profile_image_url': 'http://pbs.twimg.com/profile_images/1389273022054469632/aqlbqtnK_normal.jpg', 'profile_image_url_https': 'https://pbs.twimg.com/profile_images/1389273022054469632/aqlbqtnK_normal.jpg', 'profile_banner_url': 'https://pbs.twimg.com/profile_banners/2792497046/1624475632', 'profile_link_color': '000000', 'profile_sidebar_border_color': 'EEEEEE', 'profile_sidebar_fill_color': 'F6F6F6', 'profile_text_color': '333333', 'profile_use_background_image': False, 'has_extended_profile': True, 'default_profile': False, 'default_profile_image': False, 'following': None, 'follow_request_sent': None, 'notifications': None, 'translator_type': 'regular', 'withheld_in_countries': []};;;;;False;0;1;False;False
12;Thu Jul 29 17:29:24 +0000 2021;1420798625546911747;1420798625546911747;"@thaynaconte @byz_nanda trupe da fmu aqui ent√£o?
t√¥ que nem sequelado esperando a resposta";False;{'hashtags': [], 'symbols': [], 'user_mentions': [{'screen_name': 'thaynaconte', 'name': 'thayn√°', 'id': 724885904, 'id_str': '724885904', 'indices': [0, 12]}, {'screen_name': 'byz_nanda', 'name': 'üçÄ', 'id': 824236836, 'id_str': '824236836', 'indices': [13, 23]}], 'urls': []};{'iso_language_code': 'pt', 'result_type': 'recent'};"<a href=""http://twitter.com/download/android"" rel=""nofollow"">Twitter for Android</a>";1.4207982533486223e+18;1420798253348622339;724885904.0;724885904;thaynaconte;{'id': 1287420460146266116, 'id_str': '1287420460146266116', 'name': 'Gabs Jeneci', 'screen_name': 'GJeneci', 'location': '', 'description': 'pseudo artista atirando pra todos os lados na esperan√ßa de ser bom em algo', 'url': None, 'entities': {'description': {'urls': []}}, 'protected': False, 'followers_count': 17, 'friends_count': 43, 'listed_count': 0, 'created_at': 'Sun Jul 26 16:15:16 +0000 2020', 'favourites_count': 396, 'utc_offset': None, 'time_zone': None, 'geo_enabled': False, 'verified': False, 'statuses_count': 136, 'lang': None, 'contributors_enabled': False, 'is_translator': False, 'is_translation_enabled': False, 'profile_background_color': 'F5F8FA', 'profile_background_image_url': None, 'profile_background_image_url_https': None, 'profile_background_tile': False, 'profile_image_url': 'http://pbs.twimg.com/profile_images/1416270942515474432/AB1LangN_normal.jpg', 'profile_image_url_https': 'https://pbs.twimg.com/profile_images/1416270942515474432/AB1LangN_normal.jpg', 'profile_banner_url': 'https://pbs.twimg.com/profile_banners/1287420460146266116/1620948607', 'profile_link_color': '1DA1F2', 'profile_sidebar_border_color': 'C0DEED', 'profile_sidebar_fill_color': 'DDEEF6', 'profile_text_color': '333333', 'profile_use_background_image': True, 'has_extended_profile': True, 'default_profile': True, 'default_profile_image': False, 'following': None, 'follow_request_sent': None, 'notifications': None, 'translator_type': 'none', 'withheld_in_countries': []};;;;;False;0;0;False;False
13;Thu Jul 29 17:27:55 +0000 2021;1420798253348622339;1420798253348622339;@byz_nanda eii eu tbm t√¥ esperando resposta da FMU,.at√© mandei mensagem no wpp e disseram pra aguardar at√© amanh√£ pra receber uma resposta ü§°;False;{'hashtags': [], 'symbols': [], 'user_mentions': [{'screen_name': 'byz_nanda', 'name': 'üçÄ', 'id': 824236836, 'id_str': '824236836', 'indices': [0, 10]}], 'urls': []};{'iso_language_code': 'pt', 'result_type': 'recent'};"<a href=""http://twitter.com/download/iphone"" rel=""nofollow"">Twitter for iPhone</a>";1.420797817728209e+18;1420797817728208905;824236836.0;824236836;byz_nanda;{'id': 724885904, 'id_str': '724885904', 'name': 'thayn√°', 'screen_name': 'thaynaconte', 'location': 's√£o paulo, sp', 'description': 'por ti sofrer, √© meu maior prazer. üñ§ü§ç @corinthians @justinbieber', 'url': 'https://t.co/LZgHBCUQzr', 'entities': {'url': {'urls': [{'url': 'https://t.co/LZgHBCUQzr', 'expanded_url': 'http://instagram.com/thaynasccp', 'display_url': 'instagram.com/thaynasccp', 'indices': [0, 23]}]}, 'description': {'urls': []}}, 'protected': False, 'followers_count': 837, 'friends_count': 1105, 'listed_count': 4, 'created_at': 'Mon Jul 30 00:10:28 +0000 2012', 'favourites_count': 28315, 'utc_offset': None, 'time_zone': None, 'geo_enabled': True, 'verified': False, 'statuses_count': 51051, 'lang': None, 'contributors_enabled': False, 'is_translator': False, 'is_translation_enabled': False, 'profile_background_color': 'FFFFFF', 'profile_background_image_url': 'http://abs.twimg.com/images/themes/theme3/bg.gif', 'profile_background_image_url_https': 'https://abs.twimg.com/images/themes/theme3/bg.gif', 'profile_background_tile': True, 'profile_image_url': 'http://pbs.twimg.com/profile_images/1419386013022031878/7r-I1lbT_normal.jpg', 'profile_image_url_https': 'https://pbs.twimg.com/profile_images/1419386013022031878/7r-I1lbT_normal.jpg', 'profile_banner_url': 'https://pbs.twimg.com/profile_banners/724885904/1623993516', 'profile_link_color': '7CFC00', 'profile_sidebar_border_color': 'FFFFFF', 'profile_sidebar_fill_color': 'E5507E', 'profile_text_color': '362720', 'profile_use_background_image': False, 'has_extended_profile': True, 'default_profile': False, 'default_profile_image': False, 'following': None, 'follow_request_sent': None, 'notifications': None, 'translator_type': 'regular', 'withheld_in_countries': []};;;;;False;0;1;False;False
14;Thu Jul 29 17:26:11 +0000 2021;1420797817728208905;1420797817728208905;"Mds do c√©u n√£o tenho not√≠cias nem do PROUNI e nem da FMU. Mandei meus documentos anteontem e at√© agr NADAAAAAAA.
PA‚Ä¶ https://t.co/OtT902f95N";True;{'hashtags': [], 'symbols': [], 'user_mentions': [], 'urls': [{'url': 'https://t.co/OtT902f95N', 'expanded_url': 'https://twitter.com/i/web/status/1420797817728208905', 'display_url': 'twitter.com/i/web/status/1‚Ä¶', 'indices': [117, 140]}]};{'iso_language_code': 'pt', 'result_type': 'recent'};"<a href=""https://mobile.twitter.com"" rel=""nofollow"">Twitter Web App</a>";;;;;;{'id': 824236836, 'id_str': '824236836', 'name': 'üçÄ', 'screen_name': 'byz_nanda', 'location': '', 'description': 'BaekHyun üíï\nüåº EXOL üåº', 'url': 'https://t.co/iAs5bhM2db', 'entities': {'url': {'urls': [{'url': 'https://t.co/iAs5bhM2db', 'expanded_url': 'http://instagram.com/beatriz.constantino', 'display_url': 'instagram.com/beatriz.consta‚Ä¶', 'indices': [0, 23]}]}, 'description': {'urls': []}}, 'protected': False, 'followers_count': 497, 'friends_count': 125, 'listed_count': 4, 'created_at': 'Sat Sep 15 00:21:26 +0000 2012', 'favourites_count': 147, 'utc_offset': None, 'time_zone': None, 'geo_enabled': False, 'verified': False, 'statuses_count': 9231, 'lang': None, 'contributors_enabled': False, 'is_translator': False, 'is_translation_enabled': False, 'profile_background_color': 'C0DEED', 'profile_background_image_url': 'http://abs.twimg.com/images/themes/theme1/bg.png', 'profile_background_image_url_https': 'https://abs.twimg.com/images/themes/theme1/bg.png', 'profile_background_tile': True, 'profile_image_url': 'http://pbs.twimg.com/profile_images/967446763551543298/XYRs9kgp_normal.jpg', 'profile_image_url_https': 'https://pbs.twimg.com/profile_images/967446763551543298/XYRs9kgp_normal.jpg', 'profile_banner_url': 'https://pbs.twimg.com/profile_banners/824236836/1441221815', 'profile_link_color': '94D487', 'profile_sidebar_border_color': 'FFFFFF', 'profile_sidebar_fill_color': 'DDEEF6', 'profile_text_color': '333333', 'profile_use_background_image': True, 'has_extended_profile': False, 'default_profile': False, 'default_profile_image': False, 'following': None, 'follow_request_sent': None, 'notifications': None, 'translator_type': 'regular', 'withheld_in_countries': []};;;;;False;0;5;False;False
15;Thu Jul 29 17:20:44 +0000 2021;1420796445712584704;1420796445712584704;"@Lrpaulino_ Da FMU? Nada ainda
Quando mandei meus documentos anteontem, s√≥ me enviaram isso ü•∫ https://t.co/uD7f1LBC6X";False;{'hashtags': [], 'symbols': [], 'user_mentions': [{'screen_name': 'Lrpaulino_', 'name': 'L A U R A', 'id': 2247153336, 'id_str': '2247153336', 'indices': [0, 11]}], 'urls': [], 'media': [{'id': 1420796407561302016, 'id_str': '1420796407561302016', 'indices': [94, 117], 'media_url': 'http://pbs.twimg.com/media/E7euzhLXsAAhsRU.jpg', 'media_url_https': 'https://pbs.twimg.com/media/E7euzhLXsAAhsRU.jpg', 'url': 'https://t.co/uD7f1LBC6X', 'display_url': 'pic.twitter.com/uD7f1LBC6X', 'expanded_url': 'https://twitter.com/byz_nanda/status/1420796445712584704/photo/1', 'type': 'photo', 'sizes': {'thumb': {'w': 150, 'h': 150, 'resize': 'crop'}, 'small': {'w': 680, 'h': 383, 'resize': 'fit'}, 'medium': {'w': 1080, 'h': 608, 'resize': 'fit'}, 'large': {'w': 1080, 'h': 608, 'resize': 'fit'}}}]};{'iso_language_code': 'pt', 'result_type': 'recent'};"<a href=""https://mobile.twitter.com"" rel=""nofollow"">Twitter Web App</a>";1.420724754416341e+18;1420724754416340992;2247153336.0;2247153336;Lrpaulino_;{'id': 824236836, 'id_str': '824236836', 'name': 'üçÄ', 'screen_name': 'byz_nanda', 'location': '', 'description': 'BaekHyun üíï\nüåº EXOL üåº', 'url': 'https://t.co/iAs5bhM2db', 'entities': {'url': {'urls': [{'url': 'https://t.co/iAs5bhM2db', 'expanded_url': 'http://instagram.com/beatriz.constantino', 'display_url': 'instagram.com/beatriz.consta‚Ä¶', 'indices': [0, 23]}]}, 'description': {'urls': []}}, 'protected': False, 'followers_count': 497, 'friends_count': 125, 'listed_count': 4, 'created_at': 'Sat Sep 15 00:21:26 +0000 2012', 'favourites_count': 147, 'utc_offset': None, 'time_zone': None, 'geo_enabled': False, 'verified': False, 'statuses_count': 9231, 'lang': None, 'contributors_enabled': False, 'is_translator': False, 'is_translation_enabled': False, 'profile_background_color': 'C0DEED', 'profile_background_image_url': 'http://abs.twimg.com/images/themes/theme1/bg.png', 'profile_background_image_url_https': 'https://abs.twimg.com/images/themes/theme1/bg.png', 'profile_background_tile': True, 'profile_image_url': 'http://pbs.twimg.com/profile_images/967446763551543298/XYRs9kgp_normal.jpg', 'profile_image_url_https': 'https://pbs.twimg.com/profile_images/967446763551543298/XYRs9kgp_normal.jpg', 'profile_banner_url': 'https://pbs.twimg.com/profile_banners/824236836/1441221815', 'profile_link_color': '94D487', 'profile_sidebar_border_color': 'FFFFFF', 'profile_sidebar_fill_color': 'DDEEF6', 'profile_text_color': '333333', 'profile_use_background_image': True, 'has_extended_profile': False, 'default_profile': False, 'default_profile_image': False, 'following': None, 'follow_request_sent': None, 'notifications': None, 'translator_type': 'regular', 'withheld_in_countries': []};;;;;False;0;1;False;False
16;Thu Jul 29 16:19:41 +0000 2021;1420781083512254464;1420781083512254464;@ricardo_nunessp n√£o tem vacina Astra Zeneca para segunda dose em S√£o Paulo, shopping Vila Ol√≠mpia, FMU,  Jaques Fe‚Ä¶ https://t.co/CmyHljGaeF;True;{'hashtags': [], 'symbols': [], 'user_mentions': [{'screen_name': 'ricardo_nunessp', 'name': 'Ricardo Nunes', 'id': 460160411, 'id_str': '460160411', 'indices': [0, 16]}], 'urls': [{'url': 'https://t.co/CmyHljGaeF', 'expanded_url': 'https://twitter.com/i/web/status/1420781083512254464', 'display_url': 'twitter.com/i/web/status/1‚Ä¶', 'indices': [117, 140]}]};{'iso_language_code': 'pt', 'result_type': 'recent'};"<a href=""http://twitter.com/download/iphone"" rel=""nofollow"">Twitter for iPhone</a>";;;460160411.0;460160411;ricardo_nunessp;{'id': 1277554952576086016, 'id_str': '1277554952576086016', 'name': 'Vilma Geuna', 'screen_name': 'VilmaGeuna', 'location': '', 'description': '', 'url': None, 'entities': {'description': {'urls': []}}, 'protected': False, 'followers_count': 0, 'friends_count': 15, 'listed_count': 0, 'created_at': 'Mon Jun 29 10:50:27 +0000 2020', 'favourites_count': 13, 'utc_offset': None, 'time_zone': None, 'geo_enabled': False, 'verified': False, 'statuses_count': 12, 'lang': None, 'contributors_enabled': False, 'is_translator': False, 'is_translation_enabled': False, 'profile_background_color': 'F5F8FA', 'profile_background_image_url': None, 'profile_background_image_url_https': None, 'profile_background_tile': False, 'profile_image_url': 'http://abs.twimg.com/sticky/default_profile_images/default_profile_normal.png', 'profile_image_url_https': 'https://abs.twimg.com/sticky/default_profile_images/default_profile_normal.png', 'profile_link_color': '1DA1F2', 'profile_sidebar_border_color': 'C0DEED', 'profile_sidebar_fill_color': 'DDEEF6', 'profile_text_color': '333333', 'profile_use_background_image': True, 'has_extended_profile': True, 'default_profile': True, 'default_profile_image': True, 'following': None, 'follow_request_sent': None, 'notifications': None, 'translator_type': 'none', 'withheld_in_countries': []};;;;;False;0;1;False;False
17;Thu Jul 29 16:17:53 +0000 2021;1420780628832890889;1420780628832890889;@estudioi n√£o tem vacina em S√£o Paulo , bela vista, centro, Moema , FMU, shopping Vila Ol√≠mpia , sem Astra Zeneca p‚Ä¶ https://t.co/EwvyKLOKww;True;{'hashtags': [], 'symbols': [], 'user_mentions': [{'screen_name': 'estudioi', 'name': 'Est√∫dio i', 'id': 41589948, 'id_str': '41589948', 'indices': [0, 9]}], 'urls': [{'url': 'https://t.co/EwvyKLOKww', 'expanded_url': 'https://twitter.com/i/web/status/1420780628832890889', 'display_url': 'twitter.com/i/web/status/1‚Ä¶', 'indices': [117, 140]}]};{'iso_language_code': 'pt', 'result_type': 'recent'};"<a href=""http://twitter.com/download/iphone"" rel=""nofollow"">Twitter for iPhone</a>";;;41589948.0;41589948;estudioi;{'id': 1277554952576086016, 'id_str': '1277554952576086016', 'name': 'Vilma Geuna', 'screen_name': 'VilmaGeuna', 'location': '', 'description': '', 'url': None, 'entities': {'description': {'urls': []}}, 'protected': False, 'followers_count': 0, 'friends_count': 15, 'listed_count': 0, 'created_at': 'Mon Jun 29 10:50:27 +0000 2020', 'favourites_count': 13, 'utc_offset': None, 'time_zone': None, 'geo_enabled': False, 'verified': False, 'statuses_count': 12, 'lang': None, 'contributors_enabled': False, 'is_translator': False, 'is_translation_enabled': False, 'profile_background_color': 'F5F8FA', 'profile_background_image_url': None, 'profile_background_image_url_https': None, 'profile_background_tile': False, 'profile_image_url': 'http://abs.twimg.com/sticky/default_profile_images/default_profile_normal.png', 'profile_image_url_https': 'https://abs.twimg.com/sticky/default_profile_images/default_profile_normal.png', 'profile_link_color': '1DA1F2', 'profile_sidebar_border_color': 'C0DEED', 'profile_sidebar_fill_color': 'DDEEF6', 'profile_text_color': '333333', 'profile_use_background_image': True, 'has_extended_profile': True, 'default_profile': True, 'default_profile_image': True, 'following': None, 'follow_request_sent': None, 'notifications': None, 'translator_type': 'none', 'withheld_in_countries': []};;;;;False;0;0;False;False
18;Thu Jul 29 16:04:10 +0000 2021;1420777177587539975;1420777177587539975;Depois de 457 dias brigando com a fmu FINALMENTE  consegui, obg Deus;False;{'hashtags': [], 'symbols': [], 'user_mentions': [], 'urls': []};{'iso_language_code': 'pt', 'result_type': 'recent'};"<a href=""http://twitter.com/download/android"" rel=""nofollow"">Twitter for Android</a>";;;;;;{'id': 1026601400418099200, 'id_str': '1026601400418099200', 'name': 'Miau‚ú®', 'screen_name': 'maluzinha_top', 'location': '', 'description': 'tudo se resolve com uma brejinhaüíõ\n@KyqeMontanhasüíöüíç', 'url': 'https://t.co/R2QXhLs0C8', 'entities': {'url': {'urls': [{'url': 'https://t.co/R2QXhLs0C8', 'expanded_url': 'http://www.instagram.com/mallu_mrs', 'display_url': 'instagram.com/mallu_mrs', 'indices': [0, 23]}]}, 'description': {'urls': []}}, 'protected': False, 'followers_count': 94, 'friends_count': 101, 'listed_count': 0, 'created_at': 'Mon Aug 06 22:50:21 +0000 2018', 'favourites_count': 19460, 'utc_offset': None, 'time_zone': None, 'geo_enabled': False, 'verified': False, 'statuses_count': 10709, 'lang': None, 'contributors_enabled': False, 'is_translator': False, 'is_translation_enabled': False, 'profile_background_color': 'F5F8FA', 'profile_background_image_url': None, 'profile_background_image_url_https': None, 'profile_background_tile': False, 'profile_image_url': 'http://pbs.twimg.com/profile_images/1378866293391122441/L46A4tzr_normal.jpg', 'profile_image_url_https': 'https://pbs.twimg.com/profile_images/1378866293391122441/L46A4tzr_normal.jpg', 'profile_banner_url': 'https://pbs.twimg.com/profile_banners/1026601400418099200/1625772082', 'profile_link_color': '1DA1F2', 'profile_sidebar_border_color': 'C0DEED', 'profile_sidebar_fill_color': 'DDEEF6', 'profile_text_color': '333333', 'profile_use_background_image': True, 'has_extended_profile': True, 'default_profile': True, 'default_profile_image': False, 'following': None, 'follow_request_sent': None, 'notifications': None, 'translator_type': 'none', 'withheld_in_countries': []};;;;;False;0;1;False;False
19;Thu Jul 29 15:56:33 +0000 2021;1420775260434075650;1420775260434075650;merm√£o que hist√≥ria √© essa que as aulas presenciais v√£o voltar na fmu? eu t√¥ no Piau√≠ CACETA;False;{'hashtags': [], 'symbols': [], 'user_mentions': [], 'urls': []};{'iso_language_code': 'pt', 'result_type': 'recent'};"<a href=""http://twitter.com/download/iphone"" rel=""nofollow"">Twitter for iPhone</a>";;;;;;{'id': 1110584487124049920, 'id_str': '1110584487124049920', 'name': 'Ana Beatriz', 'screen_name': 'anabeatriizol', 'location': 'Sigefredo Pacheco, Brasil', 'description': 'ü™ê', 'url': None, 'entities': {'description': {'urls': []}}, 'protected': False, 'followers_count': 64, 'friends_count': 96, 'listed_count': 0, 'created_at': 'Tue Mar 26 16:49:10 +0000 2019', 'favourites_count': 2222, 'utc_offset': None, 'time_zone': None, 'geo_enabled': False, 'verified': False, 'statuses_count': 878, 'lang': None, 'contributors_enabled': False, 'is_translator': False, 'is_translation_enabled': False, 'profile_background_color': 'F5F8FA', 'profile_background_image_url': None, 'profile_background_image_url_https': None, 'profile_background_tile': False, 'profile_image_url': 'http://pbs.twimg.com/profile_images/1415287667277934595/UDG-Lw6E_normal.jpg', 'profile_image_url_https': 'https://pbs.twimg.com/profile_images/1415287667277934595/UDG-Lw6E_normal.jpg', 'profile_banner_url': 'https://pbs.twimg.com/profile_banners/1110584487124049920/1627516288', 'profile_link_color': '1DA1F2', 'profile_sidebar_border_color': 'C0DEED', 'profile_sidebar_fill_color': 'DDEEF6', 'profile_text_color': '333333', 'profile_use_background_image': True, 'has_extended_profile': True, 'default_profile': True, 'default_profile_image': False, 'following': None, 'follow_request_sent': None, 'notifications': None, 'translator_type': 'none', 'withheld_in_countries': []};;;;;False;0;1;False;False
